<?xml version="1.0" encoding="UTF-8"?>
<metadata xmlns="http://musicbrainz.org/ns/mmd-2.0#"><release id="40852410-ee29-31e4-a3f8-a991603e13f1"><title>Les Risques du métier</title><status>Official</status><quality>normal</quality><text-representation><language>fra</language><script>Latn</script></text-representation><artist-credit><name-credit><artist id="93942b87-215a-4626-b5ec-bf129d9fa2f6"><name>Bénabar</name><sort-name>Bénabar</sort-name></artist></name-credit></artist-credit><date>2003-05-20</date><country>FR</country><release-event-list count="1"><release-event><date>2003-05-20</date><area id="08310658-51eb-3801-80de-5a0739207115"><name>France</name><sort-name>France</sort-name><iso-3166-1-code-list><iso-3166-1-code>FR</iso-3166-1-code></iso-3166-1-code-list></area></release-event></release-event-list><barcode>828765262828</barcode><asin>B000099O1O</asin><cover-art-archive><artwork>true</artwork><count>2</count><front>true</front><back>true</back></cover-art-archive><label-info-list count="1"><label-info><catalog-number>82 876 526 282</catalog-number><label id="da8d046b-01b2-4483-ba93-06653b4a5e23"><name>Jive Records</name><sort-name>Jive Records</sort-name><label-code>7925</label-code></label></label-info></label-info-list><medium-list count="1"><medium><position>1</position><format>CD</format><disc-list count="2"><disc id="Qpa4ZFX8UjUgnlYwwH1kaUg2ZQk-"><sectors>176176</sectors></disc><disc id="VZnIxSg9DkOnoz7QIeN.WDmV.2o-"><sectors>176326</sectors></disc></disc-list><track-list count="12" offset="0"><track id="ef3a3281-de1d-33bc-8f07-5ad2aef589af"><position>1</position><number>1</number><length>149826</length><recording id="56e74a7d-7191-4c97-861c-06edac5cf818"><title>Monospace</title><length>151853</length><artist-credit><name-credit><artist id="93942b87-215a-4626-b5ec-bf129d9fa2f6"><name>Bénabar</name><sort-name>Bénabar</sort-name></artist></name-credit></artist-credit></recording></track><track id="37b53c6f-cb48-3fba-babf-63d482e83346"><position>2</position><number>2</number><length>206346</length><recording id="a86748be-c758-4839-a242-33ba205c16bf"><title>Dis-lui oui</title><length>206346</length><artist-credit><name-credit><artist id="93942b87-215a-4626-b5ec-bf129d9fa2f6"><name>Bénabar</name><sort-name>Bénabar</sort-name></artist></name-credit></artist-credit></recording></track><track id="e1ff45bf-83ff-3fec-a4b6-d24256372f6e"><position>3</position><number>3</number><length>212506</length><recording id="e6cbd4b0-35bf-429e-8485-25c356ad7a34"><title>Paresseuse</title><length>214533</length><artist-credit><name-credit><artist id="93942b87-215a-4626-b5ec-bf129d9fa2f6"><name>Bénabar</name><sort-name>Bénabar</sort-name></artist></name-credit></artist-credit></recording></track><track id="be91d054-2f8a-36cd-a50c-db3ad5920395"><position>4</position><number>4</number><length>208466</length><recording id="f88d117b-1ece-4351-8546-814dc037863e"><title>Je suis de celles</title><length>208466</length><artist-credit><name-credit><artist id="93942b87-215a-4626-b5ec-bf129d9fa2f6"><name>Bénabar</name><sort-name>Bénabar</sort-name></artist></name-credit></artist-credit></recording></track><track id="aa3ed431-583e-3e3b-8134-4758a6a61169"><position>5</position><number>5</number><title>Vade retro téléphone</title><length>191786</length><recording id="a1d0ae62-498e-4f97-8556-787809742f2e"><title>Vade retro Téléphone</title><length>193813</length><artist-credit><name-credit><artist id="93942b87-215a-4626-b5ec-bf129d9fa2f6"><name>Bénabar</name><sort-name>Bénabar</sort-name></artist></name-credit></artist-credit></recording></track><track id="e73c7b37-8802-3615-9d49-5fcbff9b3e8d"><position>6</position><number>6</number><length>192226</length><recording id="47a4c071-2fd9-420d-9757-f65b91a75a84"><title>L'Itinéraire</title><length>192226</length><artist-credit><name-credit><artist id="93942b87-215a-4626-b5ec-bf129d9fa2f6"><name>Bénabar</name><sort-name>Bénabar</sort-name></artist></name-credit></artist-credit></recording></track><track id="1546dd69-55ec-3538-b78a-ca91ccda7f45"><position>7</position><number>7</number><length>202840</length><recording id="af8a94cd-77cc-4514-a0b9-ae2ef7913e83"><title>Sac à main</title><length>202840</length><artist-credit><name-credit><artist id="93942b87-215a-4626-b5ec-bf129d9fa2f6"><name>Bénabar</name><sort-name>Bénabar</sort-name></artist></name-credit></artist-credit></recording></track><track id="7305a62f-255c-3a8d-ba48-6b17463389a4"><position>8</position><number>8</number><title>La Station Mir</title><length>220853</length><recording id="0fd8cbbf-3040-48c0-97f8-70cf4267f8bf"><title>La station Mir</title><length>222880</length><artist-credit><name-credit><artist id="93942b87-215a-4626-b5ec-bf129d9fa2f6"><name>Bénabar</name><sort-name>Bénabar</sort-name></artist></name-credit></artist-credit></recording></track><track id="aaf67c1e-92e8-32c6-8d3f-2db3023c9d9d"><position>9</position><number>9</number><title>La Coquette</title><length>162106</length><recording id="cf6b515d-948b-4439-afb7-437e579daed8"><title>La coquette</title><length>164133</length><artist-credit><name-credit><artist id="93942b87-215a-4626-b5ec-bf129d9fa2f6"><name>Bénabar</name><sort-name>Bénabar</sort-name></artist></name-credit></artist-credit></recording></track><track id="2cc76fd3-9090-3728-970f-4e64080d0fa3"><position>10</position><number>10</number><title>Les Mots d'amour</title><length>192013</length><recording id="e27d24a9-6e86-4b0e-a9d1-67df05e83b81"><title>Les mots d'amour</title><length>194040</length><artist-credit><name-credit><artist id="93942b87-215a-4626-b5ec-bf129d9fa2f6"><name>Bénabar</name><sort-name>Bénabar</sort-name></artist></name-credit></artist-credit></recording></track><track id="0beeabf7-fa1e-3ae6-8e09-4d46d1e9a89b"><position>11</position><number>11</number><length>172720</length><recording id="b8f9fce3-5906-45a5-9283-285d9e2be3b2"><title>Monsieur René</title><length>174746</length><artist-credit><name-credit><artist id="93942b87-215a-4626-b5ec-bf129d9fa2f6"><name>Bénabar</name><sort-name>Bénabar</sort-name></artist></name-credit></artist-credit></recording></track><track id="192b14f7-2f91-3d6d-94ba-dd9ac79d1adb"><position>12</position><number>12</number><length>237320</length><recording id="153f1ed4-a3ed-4d89-a362-df2e7f8b9e5f"><title>Le Zoo de Vincennes</title><length>237346</length><artist-credit><name-credit><artist id="93942b87-215a-4626-b5ec-bf129d9fa2f6"><name>Bénabar</name><sort-name>Bénabar</sort-name></artist></name-credit></artist-credit></recording></track></track-list></medium></medium-list></release></metadata>