<?xml version="1.0" encoding="UTF-8"?>
<metadata xmlns="http://musicbrainz.org/ns/mmd-2.0#"><release id="62b23334-1541-3a97-a1cf-82178dffc98b"><title>Bénabar</title><status>Official</status><quality>normal</quality><text-representation><language>fra</language><script>Latn</script></text-representation><artist-credit><name-credit><artist id="93942b87-215a-4626-b5ec-bf129d9fa2f6"><name>Bénabar</name><sort-name>Bénabar</sort-name></artist></name-credit></artist-credit><date>2001</date><country>FR</country><release-event-list count="1"><release-event><date>2001</date><area id="08310658-51eb-3801-80de-5a0739207115"><name>France</name><sort-name>France</sort-name><iso-3166-1-code-list><iso-3166-1-code>FR</iso-3166-1-code></iso-3166-1-code-list></area></release-event></release-event-list><barcode>638592218628</barcode><asin>B00005O703</asin><cover-art-archive><artwork>true</artwork><count>2</count><front>true</front><back>true</back></cover-art-archive><label-info-list count="1"><label-info><catalog-number>922 186-2</catalog-number><label id="da8d046b-01b2-4483-ba93-06653b4a5e23"><name>Jive Records</name><sort-name>Jive Records</sort-name><label-code>7925</label-code></label></label-info></label-info-list><medium-list count="1"><medium><position>1</position><format>CD</format><disc-list count="3"><disc id="SNNadhhhsmV6pDAzOtz0HjReg_I-"><sectors>188919</sectors></disc><disc id="g32uV0AsMy63c.mELZ68wVUtaU4-"><sectors>190624</sectors></disc><disc id="mWQjzUDgn6xGkfV7Yog_tY.ij5A-"><sectors>190878</sectors></disc></disc-list><track-list count="12" offset="0"><track id="8c06a8fc-b2c7-3a44-bfaf-d18ba7f4c220"><position>1</position><number>1</number><length>178706</length><recording id="9cd76fa2-255f-4708-80c7-81fca15cc37c"><title>Bon anniversaire</title><length>178706</length><artist-credit><name-credit><artist id="93942b87-215a-4626-b5ec-bf129d9fa2f6"><name>Bénabar</name><sort-name>Bénabar</sort-name></artist></name-credit></artist-credit></recording></track><track id="73381cfb-8f42-3a51-a73a-e843b10dc1fa"><position>2</position><number>2</number><length>232693</length><recording id="d84fa5ad-2450-4e78-828f-a07d2995fa15"><title>Y'a une fille qu'habite chez moi</title><length>232693</length><artist-credit><name-credit><artist id="93942b87-215a-4626-b5ec-bf129d9fa2f6"><name>Bénabar</name><sort-name>Bénabar</sort-name></artist></name-credit></artist-credit></recording></track><track id="b9bebb36-1fc3-3cef-a029-c52bf605bf20"><position>3</position><number>3</number><length>161333</length><recording id="eb4013be-6448-4b85-94df-635c0f425e00"><title>Vélo</title><length>161333</length><artist-credit><name-credit><artist id="93942b87-215a-4626-b5ec-bf129d9fa2f6"><name>Bénabar</name><sort-name>Bénabar</sort-name></artist></name-credit></artist-credit></recording></track><track id="8292cd45-0326-31aa-9f74-8e698b36ad50"><position>4</position><number>4</number><length>253293</length><recording id="f7c5978a-9c12-4a54-9a13-2a3dee40f943"><title>Porcelaine</title><length>253293</length><artist-credit><name-credit><artist id="93942b87-215a-4626-b5ec-bf129d9fa2f6"><name>Bénabar</name><sort-name>Bénabar</sort-name></artist></name-credit></artist-credit></recording></track><track id="21a88e6e-7879-30c9-a9c3-c5aa7b5a86c6"><position>5</position><number>5</number><length>198186</length><recording id="c590a865-0f67-439f-987d-dcbc49407dbd"><title>À notre santé</title><length>198186</length><disambiguation>album version</disambiguation><artist-credit><name-credit><artist id="93942b87-215a-4626-b5ec-bf129d9fa2f6"><name>Bénabar</name><sort-name>Bénabar</sort-name></artist></name-credit></artist-credit></recording></track><track id="40b03f42-fa64-3602-aca7-458685568672"><position>6</position><number>6</number><length>315186</length><recording id="f8bbea97-63d0-49e9-afe4-2b024609771f"><title>Majorette</title><length>315186</length><artist-credit><name-credit><artist id="93942b87-215a-4626-b5ec-bf129d9fa2f6"><name>Bénabar</name><sort-name>Bénabar</sort-name></artist></name-credit></artist-credit></recording></track><track id="5bbd9333-99a1-3fd4-a8a1-856e9fb6bca6"><position>7</position><number>7</number><length>189200</length><recording id="be880e59-6de3-4f6c-8984-2d41102f1b55"><title>Couche tard et lève tôt</title><length>189200</length><artist-credit><name-credit><artist id="93942b87-215a-4626-b5ec-bf129d9fa2f6"><name>Bénabar</name><sort-name>Bénabar</sort-name></artist></name-credit></artist-credit></recording></track><track id="573ef7d7-4887-3d28-a40e-dde9fd0856ac"><position>8</position><number>8</number><length>186733</length><recording id="45e2f9f2-f29d-4a56-9605-055cf23fa69a"><title>Coup du lapin</title><length>186733</length><artist-credit><name-credit><artist id="93942b87-215a-4626-b5ec-bf129d9fa2f6"><name>Bénabar</name><sort-name>Bénabar</sort-name></artist></name-credit></artist-credit></recording></track><track id="4901fea6-6c37-355d-b30f-2ac51fbacb42"><position>9</position><number>9</number><length>257466</length><recording id="3a5c86cb-36c7-4507-891c-ed9fb2b4a56a"><title>Saturne</title><length>257466</length><artist-credit><name-credit><artist id="93942b87-215a-4626-b5ec-bf129d9fa2f6"><name>Bénabar</name><sort-name>Bénabar</sort-name></artist></name-credit></artist-credit></recording></track><track id="7684fb5b-47d8-3699-b5a0-a856956dfa72"><position>10</position><number>10</number><length>208666</length><recording id="393146ba-443d-4f29-bb3f-6cca39aa30bf"><title>Dramelet</title><length>208666</length><artist-credit><name-credit><artist id="93942b87-215a-4626-b5ec-bf129d9fa2f6"><name>Bénabar</name><sort-name>Bénabar</sort-name></artist></name-credit></artist-credit></recording></track><track id="a444ea47-534e-30d0-9be7-362a5261c27c"><position>11</position><number>11</number><length>161866</length><recording id="162f3438-6806-4607-9790-c30c451a268d"><title>Approchez</title><length>161866</length><artist-credit><name-credit><artist id="93942b87-215a-4626-b5ec-bf129d9fa2f6"><name>Bénabar</name><sort-name>Bénabar</sort-name></artist></name-credit></artist-credit></recording></track><track id="e0cc69d2-e70a-3e02-b0e5-6839d8e149f9"><position>12</position><number>12</number><length>173586</length><recording id="71daeedb-6248-4fc1-a4f4-377a80b74cac"><title>À poings fermés</title><length>173586</length><artist-credit><name-credit><artist id="93942b87-215a-4626-b5ec-bf129d9fa2f6"><name>Bénabar</name><sort-name>Bénabar</sort-name></artist></name-credit></artist-credit></recording></track></track-list></medium></medium-list></release></metadata>