<?xml version="1.0" encoding="UTF-8"?>
<metadata xmlns="http://musicbrainz.org/ns/mmd-2.0#"><release id="6bfba6d5-71fc-454b-b3a0-63632a1459fa"><title>My Worlds</title><status>Official</status><quality>normal</quality><text-representation><language>eng</language><script>Latn</script></text-representation><artist-credit><name-credit><artist id="e0140a67-e4d1-4f13-8a01-364355bee46e"><name>Justin Bieber</name><sort-name>Bieber, Justin</sort-name></artist></name-credit></artist-credit><date>2010-03-22</date><country>GB</country><release-event-list count="1"><release-event><date>2010-03-22</date><area id="8a754a16-0027-3a29-b6d7-2b40ea0481ed"><name>United Kingdom</name><sort-name>United Kingdom</sort-name><iso-3166-1-code-list><iso-3166-1-code>GB</iso-3166-1-code></iso-3166-1-code-list></area></release-event></release-event-list><barcode>602527364872</barcode><asin>B0039YQ4XG</asin><cover-art-archive><artwork>false</artwork><count>0</count><front>false</front><back>false</back></cover-art-archive><label-info-list count="1"><label-info><catalog-number>2736487</catalog-number><label id="995428e7-81b6-41dd-bd38-5a7a0ece8ad6"><name>Mercury</name><sort-name>Mercury</sort-name><disambiguation>Universal Music Group</disambiguation><label-code>268</label-code></label></label-info></label-info-list><medium-list count="1"><medium><position>1</position><format>CD</format><disc-list count="1"><disc id="3NEDANphEhkaLQMhwwbyigeSPkI-"><sectors>305017</sectors></disc></disc-list><track-list count="18" offset="0"><track id="0913acff-ef88-39cc-b5b7-f2059419bfaa"><position>1</position><number>1</number><length>215866</length><recording id="65706987-a220-49bd-8add-11d3b802af93"><title>One Time</title><length>215960</length><artist-credit><name-credit><artist id="e0140a67-e4d1-4f13-8a01-364355bee46e"><name>Justin Bieber</name><sort-name>Bieber, Justin</sort-name></artist></name-credit></artist-credit></recording></track><track id="10d6bb7a-d977-3493-9fdd-0d10be19663f"><position>2</position><number>2</number><length>256800</length><recording id="fb94f6d0-493b-492d-9d76-5d265bce1d46"><title>Favorite Girl</title><length>256800</length><artist-credit><name-credit><artist id="e0140a67-e4d1-4f13-8a01-364355bee46e"><name>Justin Bieber</name><sort-name>Bieber, Justin</sort-name></artist></name-credit></artist-credit></recording></track><track id="75d90e09-eccd-39eb-ad20-ba057aa8fb83"><position>3</position><number>3</number><length>245760</length><recording id="1107c4fc-bcda-4f8e-aebb-d90d81c7ff95"><title>Down to Earth</title><length>245840</length><artist-credit><name-credit><artist id="e0140a67-e4d1-4f13-8a01-364355bee46e"><name>Justin Bieber</name><sort-name>Bieber, Justin</sort-name></artist></name-credit></artist-credit></recording></track><track id="ddd01598-8047-3770-a81b-2187034e0c36"><position>4</position><number>4</number><length>197800</length><recording id="22695661-45bf-4ed8-831e-61a88cffcee3"><title>Bigger</title><length>197880</length><artist-credit><name-credit><artist id="e0140a67-e4d1-4f13-8a01-364355bee46e"><name>Justin Bieber</name><sort-name>Bieber, Justin</sort-name></artist></name-credit></artist-credit></recording></track><track id="4eeb6b55-f5b7-3af1-8a52-6b0f00a7b3b5"><position>5</position><number>5</number><length>229106</length><recording id="bda0b4a9-ec4c-4fcf-8038-0a71ba9407bc"><title>One Less Lonely Girl</title><length>229173</length><artist-credit><name-credit><artist id="e0140a67-e4d1-4f13-8a01-364355bee46e"><name>Justin Bieber</name><sort-name>Bieber, Justin</sort-name></artist></name-credit></artist-credit></recording></track><track id="1d8f7b6d-8310-346d-bedb-fa798be8457e"><position>6</position><number>6</number><length>222333</length><recording id="1576ab9e-81ea-45e1-81e9-39bef7a9edc1"><title>First Dance</title><length>222413</length><artist-credit><name-credit joinphrase=" feat. "><artist id="e0140a67-e4d1-4f13-8a01-364355bee46e"><name>Justin Bieber</name><sort-name>Bieber, Justin</sort-name></artist></name-credit><name-credit><artist id="3414d446-735a-443c-931f-10634f57e5b9"><name>Usher</name><sort-name>Usher</sort-name></artist></name-credit></artist-credit></recording></track><track id="731cff7b-8ac6-3c01-b94d-79a24eb03105"><position>7</position><number>7</number><length>193466</length><recording id="12cd1fd5-936a-4d88-a510-6ac558fc93fa"><title>Love Me</title><length>193546</length><artist-credit><name-credit><artist id="e0140a67-e4d1-4f13-8a01-364355bee46e"><name>Justin Bieber</name><sort-name>Bieber, Justin</sort-name></artist></name-credit></artist-credit></recording></track><track id="c5356bd8-b2b7-36f6-ad9c-2429b38c728f"><position>8</position><number>8</number><length>250546</length><recording id="c78ebc6f-9131-4e40-a695-d82948f44b72"><title>Common Denominator</title><length>249000</length><artist-credit><name-credit><artist id="e0140a67-e4d1-4f13-8a01-364355bee46e"><name>Justin Bieber</name><sort-name>Bieber, Justin</sort-name></artist></name-credit></artist-credit></recording></track><track id="fe519276-c473-3f0c-8645-715b8628fece"><position>9</position><number>9</number><length>213973</length><recording id="811cfc83-0c1a-44d6-b644-3740ac313016"><title>Baby</title><length>214000</length><artist-credit><name-credit joinphrase=" feat. "><artist id="e0140a67-e4d1-4f13-8a01-364355bee46e"><name>Justin Bieber</name><sort-name>Bieber, Justin</sort-name></artist></name-credit><name-credit><artist id="0638ba22-040f-438d-83a5-9b670c4adaf5"><name>Ludacris</name><sort-name>Ludacris</sort-name></artist></name-credit></artist-credit></recording></track><track id="3bf29f9d-c770-393d-b4cd-c94a12e49a6d"><position>10</position><number>10</number><length>220920</length><recording id="60b13097-f5e5-4ee8-8933-7dc0f3e6bf92"><title>Somebody to Love</title><length>220000</length><artist-credit><name-credit><artist id="e0140a67-e4d1-4f13-8a01-364355bee46e"><name>Justin Bieber</name><sort-name>Bieber, Justin</sort-name></artist></name-credit></artist-credit></recording></track><track id="27ea2258-cea3-3c7d-9274-3521788e972c"><position>11</position><number>11</number><length>222960</length><recording id="c5ef9fb8-5eeb-480d-96af-68eddded72c1"><title>Stuck in the Moment</title><length>222000</length><artist-credit><name-credit><artist id="e0140a67-e4d1-4f13-8a01-364355bee46e"><name>Justin Bieber</name><sort-name>Bieber, Justin</sort-name></artist></name-credit></artist-credit></recording></track><track id="0f524837-5382-38fb-948c-e89d688de71e"><position>12</position><number>12</number><length>196906</length><recording id="c82b97d4-499b-440c-b92a-808cf566b5ba"><title>U Smile</title><length>196000</length><artist-credit><name-credit><artist id="e0140a67-e4d1-4f13-8a01-364355bee46e"><name>Justin Bieber</name><sort-name>Bieber, Justin</sort-name></artist></name-credit></artist-credit></recording></track><track id="fc08f573-fec4-33a2-b208-5232a0200b07"><position>13</position><number>13</number><length>212573</length><recording id="6bd25932-9750-4613-be97-728704480795"><title>Runaway Love</title><length>212000</length><artist-credit><name-credit><artist id="e0140a67-e4d1-4f13-8a01-364355bee46e"><name>Justin Bieber</name><sort-name>Bieber, Justin</sort-name></artist></name-credit></artist-credit></recording></track><track id="4cbf48aa-fd95-30a1-a24a-c61c53b14a70"><position>14</position><number>14</number><length>264400</length><recording id="81e2b63c-7fd7-49ed-a2e0-cd00e209c1b7"><title>Never Let You Go</title><length>264000</length><artist-credit><name-credit><artist id="e0140a67-e4d1-4f13-8a01-364355bee46e"><name>Justin Bieber</name><sort-name>Bieber, Justin</sort-name></artist></name-credit></artist-credit></recording></track><track id="313d15f0-2538-3a6c-bc12-19ab1b8b4513"><position>15</position><number>15</number><length>251186</length><recording id="c39f96c0-7f68-4090-8c99-aedc8378fd01"><title>Overboard</title><length>251000</length><artist-credit><name-credit joinphrase=" feat. "><artist id="e0140a67-e4d1-4f13-8a01-364355bee46e"><name>Justin Bieber</name><sort-name>Bieber, Justin</sort-name></artist></name-credit><name-credit><artist id="6dadb9a7-88d2-474d-8930-bee1af9c87bd"><name>Jessica Jarrell</name><sort-name>Jarrell, Jessica</sort-name><disambiguation>aka JJ</disambiguation></artist></name-credit></artist-credit></recording></track><track id="ab8ddeb5-8d61-33f8-977a-9d6221c60336"><position>16</position><number>16</number><length>202626</length><recording id="701817b5-a1be-4dcf-8522-c00c7ad8c4fb"><title>Eenie Meenie</title><length>202000</length><artist-credit><name-credit joinphrase=" feat. "><artist id="e0140a67-e4d1-4f13-8a01-364355bee46e"><name>Justin Bieber</name><sort-name>Bieber, Justin</sort-name></artist></name-credit><name-credit><artist id="f7eb3be3-1065-4a53-94d4-e2d0c15c0b33"><name>Sean Kingston</name><sort-name>Kingston, Sean</sort-name></artist></name-credit></artist-credit></recording></track><track id="ab8c3424-fc84-3b64-9184-ae7e6c5b3bf5"><position>17</position><number>17</number><length>234933</length><recording id="469ecd18-3ddc-4ae4-a23f-4521f505f33c"><title>Up</title><length>234000</length><artist-credit><name-credit><artist id="e0140a67-e4d1-4f13-8a01-364355bee46e"><name>Justin Bieber</name><sort-name>Bieber, Justin</sort-name></artist></name-credit></artist-credit></recording></track><track id="2e2d2213-01b2-3d3a-833a-5ccc81f8c608"><position>18</position><number>18</number><length>232733</length><recording id="f1054d79-dcd6-4db0-9e2b-7d650dc51b28"><title>That Should Be Me</title><length>232000</length><artist-credit><name-credit><artist id="e0140a67-e4d1-4f13-8a01-364355bee46e"><name>Justin Bieber</name><sort-name>Bieber, Justin</sort-name></artist></name-credit></artist-credit></recording></track></track-list></medium></medium-list></release></metadata>