<?xml version="1.0" encoding="UTF-8"?>
<metadata xmlns="http://musicbrainz.org/ns/mmd-2.0#"><release id="22ec2223-2454-48f8-8b26-2861d7c92187"><title>Believe</title><status>Official</status><quality>normal</quality><text-representation><language>eng</language><script>Latn</script></text-representation><artist-credit><name-credit><artist id="e0140a67-e4d1-4f13-8a01-364355bee46e"><name>Justin Bieber</name><sort-name>Bieber, Justin</sort-name></artist></name-credit></artist-credit><date>2012-06-18</date><country>GB</country><release-event-list count="1"><release-event><date>2012-06-18</date><area id="8a754a16-0027-3a29-b6d7-2b40ea0481ed"><name>United Kingdom</name><sort-name>United Kingdom</sort-name><iso-3166-1-code-list><iso-3166-1-code>GB</iso-3166-1-code></iso-3166-1-code-list></area></release-event></release-event-list><barcode>602537069170</barcode><asin>B0082ODN1O</asin><cover-art-archive><artwork>false</artwork><count>0</count><front>false</front><back>false</back></cover-art-archive><label-info-list count="1"><label-info><catalog-number>3706917</catalog-number><label id="995428e7-81b6-41dd-bd38-5a7a0ece8ad6"><name>Mercury</name><sort-name>Mercury</sort-name><disambiguation>Universal Music Group</disambiguation><label-code>268</label-code></label></label-info></label-info-list><medium-list count="1"><medium><position>1</position><format>CD</format><disc-list count="0"/><track-list count="13" offset="0"><track id="806ecbff-09cf-3a21-b38d-5d1872069fd5"><position>1</position><number>1</number><length>243000</length><recording id="30c1e8dd-f907-4ac9-856e-1cad5f3d7c32"><title>All Around the World</title><length>243000</length><artist-credit><name-credit joinphrase=" feat. "><artist id="e0140a67-e4d1-4f13-8a01-364355bee46e"><name>Justin Bieber</name><sort-name>Bieber, Justin</sort-name></artist></name-credit><name-credit><artist id="0638ba22-040f-438d-83a5-9b670c4adaf5"><name>Ludacris</name><sort-name>Ludacris</sort-name></artist></name-credit></artist-credit></recording></track><track id="079de420-ec2f-3fe6-a19c-98e2141411fb"><position>2</position><number>2</number><length>172000</length><recording id="3891874d-82cd-4ca6-bbbb-984b4f9b881d"><title>Boyfriend</title><length>171000</length><artist-credit><name-credit><artist id="e0140a67-e4d1-4f13-8a01-364355bee46e"><name>Justin Bieber</name><sort-name>Bieber, Justin</sort-name></artist></name-credit></artist-credit></recording></track><track id="ea534113-e8eb-3d46-8dec-b6b24fa5dc3b"><position>3</position><number>3</number><length>229000</length><recording id="12456308-20ee-41c6-bfc4-1849c86b2f69"><title>As Long as You Love Me</title><length>229000</length><artist-credit><name-credit joinphrase=" feat. "><artist id="e0140a67-e4d1-4f13-8a01-364355bee46e"><name>Justin Bieber</name><sort-name>Bieber, Justin</sort-name></artist></name-credit><name-credit><artist id="942a9807-9c1a-4a0e-a285-1fde2c5be9d1"><name>Big Sean</name><sort-name>Big Sean</sort-name></artist></name-credit></artist-credit></recording></track><track id="6f66acbd-e2db-3e22-841a-b8354af61c43"><position>4</position><number>4</number><length>220000</length><recording id="54262916-22dc-4553-aa2a-532f256e4a4a"><title>Take You</title><length>220000</length><artist-credit><name-credit><artist id="e0140a67-e4d1-4f13-8a01-364355bee46e"><name>Justin Bieber</name><sort-name>Bieber, Justin</sort-name></artist></name-credit></artist-credit></recording></track><track id="caa2614e-330c-3891-b09b-cf234a31bed1"><position>5</position><number>5</number><length>204000</length><recording id="fb657302-17fe-4601-8950-ec685246686d"><title>Right Here</title><length>204000</length><artist-credit><name-credit joinphrase=" feat. "><artist id="e0140a67-e4d1-4f13-8a01-364355bee46e"><name>Justin Bieber</name><sort-name>Bieber, Justin</sort-name></artist></name-credit><name-credit><artist id="9fff2f8a-21e6-47de-a2b8-7f449929d43f"><name>Drake</name><sort-name>Drake</sort-name><disambiguation>Canadian actor/rapper</disambiguation></artist></name-credit></artist-credit></recording></track><track id="ea027cf3-4128-3422-afc8-264ba459c382"><position>6</position><number>6</number><length>234000</length><recording id="552827c1-1081-4260-a5c8-35a3c8f107ea"><title>Catching Feelings</title><length>234000</length><artist-credit><name-credit><artist id="e0140a67-e4d1-4f13-8a01-364355bee46e"><name>Justin Bieber</name><sort-name>Bieber, Justin</sort-name></artist></name-credit></artist-credit></recording></track><track id="c048462b-9300-3eed-837b-789c4323c737"><position>7</position><number>7</number><length>237000</length><recording id="79fc8799-b5c4-4fa3-bcbe-88ba6fb6e9f7"><title>Die in Your Arms</title><length>237000</length><artist-credit><name-credit><artist id="e0140a67-e4d1-4f13-8a01-364355bee46e"><name>Justin Bieber</name><sort-name>Bieber, Justin</sort-name></artist></name-credit></artist-credit></recording></track><track id="f6e216f8-3719-3ec1-b608-a35bfbd86b8f"><position>8</position><number>8</number><length>248000</length><recording id="83e599f5-44b1-4cd9-a677-caf6aa1047cd"><title>Fall</title><length>248000</length><artist-credit><name-credit><artist id="e0140a67-e4d1-4f13-8a01-364355bee46e"><name>Justin Bieber</name><sort-name>Bieber, Justin</sort-name></artist></name-credit></artist-credit></recording></track><track id="56b05d08-4e2b-34e1-ae7f-981b70e9f932"><position>9</position><number>9</number><length>230000</length><recording id="7a114c26-87a4-4d75-b69c-17726a188cc1"><title>Thought of You</title><length>230000</length><artist-credit><name-credit><artist id="e0140a67-e4d1-4f13-8a01-364355bee46e"><name>Justin Bieber</name><sort-name>Bieber, Justin</sort-name></artist></name-credit></artist-credit></recording></track><track id="89785a05-633a-3fdc-8181-093fbc334499"><position>10</position><number>10</number><title>Beauty and a Beat</title><length>228000</length><recording id="28e238c9-802c-49c2-aa64-56943af94e31"><title>Beauty and the Beat</title><length>228906</length><artist-credit><name-credit joinphrase=" feat. "><artist id="e0140a67-e4d1-4f13-8a01-364355bee46e"><name>Justin Bieber</name><sort-name>Bieber, Justin</sort-name></artist></name-credit><name-credit><artist id="1036b808-f58c-4a3e-b461-a2c4492ecf1b"><name>Nicki Minaj</name><sort-name>Minaj, Nicki</sort-name></artist></name-credit></artist-credit></recording></track><track id="f0d8ee58-ce02-3d11-b9d3-418c58bfd1a6"><position>11</position><number>11</number><length>234000</length><recording id="a3661dd4-53c8-45b9-892e-68ed0135fcd0"><title>One Love</title><length>234000</length><artist-credit><name-credit><artist id="e0140a67-e4d1-4f13-8a01-364355bee46e"><name>Justin Bieber</name><sort-name>Bieber, Justin</sort-name></artist></name-credit></artist-credit></recording></track><track id="a1d8ed8d-c07e-3064-87ca-ea828c61ae5e"><position>12</position><number>12</number><length>189000</length><recording id="c5445bb1-f35d-4c9a-b536-0424737a06a1"><title>Be Alright</title><length>189000</length><artist-credit><name-credit><artist id="e0140a67-e4d1-4f13-8a01-364355bee46e"><name>Justin Bieber</name><sort-name>Bieber, Justin</sort-name></artist></name-credit></artist-credit></recording></track><track id="2f9ce6f0-d1a7-3f4a-a055-29c7c59d431f"><position>13</position><number>13</number><length>222000</length><recording id="96b5de6e-b5c0-4750-91dd-1df5831ed9b3"><title>Believe</title><length>222000</length><artist-credit><name-credit><artist id="e0140a67-e4d1-4f13-8a01-364355bee46e"><name>Justin Bieber</name><sort-name>Bieber, Justin</sort-name></artist></name-credit></artist-credit></recording></track></track-list></medium></medium-list></release></metadata>