<?xml version="1.0" encoding="UTF-8"?>
<metadata xmlns="http://musicbrainz.org/ns/mmd-2.0#"><release id="80dfd749-13cc-32be-881c-46e834982851"><title>Let's Talk About Love</title><status>Official</status><quality>normal</quality><text-representation><language>eng</language><script>Latn</script></text-representation><artist-credit><name-credit><artist id="847e8a0c-cc20-4213-9e16-975515c2a926"><name>Céline Dion</name><sort-name>Dion, Céline</sort-name></artist></name-credit></artist-credit><date>1997-11-17</date><country>AU</country><release-event-list count="1"><release-event><date>1997-11-17</date><area id="106e0bec-b638-3b37-b731-f53d507dc00e"><name>Australia</name><sort-name>Australia</sort-name><iso-3166-1-code-list><iso-3166-1-code>AU</iso-3166-1-code></iso-3166-1-code-list></area></release-event></release-event-list><barcode>9399700042962</barcode><asin>B000025ABR</asin><cover-art-archive><artwork>false</artwork><count>0</count><front>false</front><back>false</back></cover-art-archive><label-info-list count="1"><label-info><catalog-number>489159 2</catalog-number><label id="8f638ddb-131a-4cc3-b3d4-7ebdac201b55"><name>Epic</name><sort-name>Epic</sort-name><label-code>199</label-code></label></label-info></label-info-list><medium-list count="1"><medium><position>1</position><format>CD</format><disc-list count="4"><disc id="96mZFnNxOo20lvvK89nbTzNlREE-"><sectors>336005</sectors></disc><disc id="TZKsK72FCGvKvdcs99qEpWNDVBg-"><sectors>335825</sectors></disc><disc id="Wvy0HrybUBxCbg4Gdk0bzAqdrWk-"><sectors>335797</sectors></disc><disc id="a8mP2s2zEhAe0I6D52NVBETigDI-"><sectors>335825</sectors></disc></disc-list><track-list count="16" offset="0"><track id="a88cf00b-ba2d-351e-9ac0-5f8b905cb1c5"><position>1</position><number>1</number><length>300920</length><recording id="963e4136-45b5-4712-9e6e-1a155dd7bd7a"><title>The Reason</title><length>300920</length><artist-credit><name-credit><artist id="847e8a0c-cc20-4213-9e16-975515c2a926"><name>Céline Dion</name><sort-name>Dion, Céline</sort-name></artist></name-credit></artist-credit></recording></track><track id="10e0b919-c41c-3bb2-b523-b7df7b2d3c4a"><position>2</position><number>2</number><length>251080</length><artist-credit><name-credit><artist id="847e8a0c-cc20-4213-9e16-975515c2a926"><name>Céline Dion</name><sort-name>Dion, Céline</sort-name></artist></name-credit></artist-credit><recording id="f4e9b886-2faf-43b2-a43d-9cb328d3999b"><title>Immortality</title><length>250906</length><artist-credit><name-credit joinphrase=" &amp; "><artist id="847e8a0c-cc20-4213-9e16-975515c2a926"><name>Céline Dion</name><sort-name>Dion, Céline</sort-name></artist></name-credit><name-credit><artist id="bf0f7e29-dfe1-416c-b5c6-f9ebc19ea810"><name>Bee Gees</name><sort-name>Bee Gees</sort-name></artist></name-credit></artist-credit></recording></track><track id="4b9ee130-b815-3b1e-90fb-2c0590515b4a"><position>3</position><number>3</number><length>245533</length><recording id="60dcd62a-1051-439f-833e-1c7dee78ca04"><title>Treat Her Like a Lady</title><length>245533</length><artist-credit><name-credit><artist id="847e8a0c-cc20-4213-9e16-975515c2a926"><name>Céline Dion</name><sort-name>Dion, Céline</sort-name></artist></name-credit></artist-credit></recording></track><track id="e69474a4-fd24-35d5-846d-98df2706cbf0"><position>4</position><number>4</number><length>291226</length><recording id="ba903e92-2804-41b0-b71e-d51126749053"><title>Why Oh Why</title><length>291226</length><artist-credit><name-credit><artist id="847e8a0c-cc20-4213-9e16-975515c2a926"><name>Céline Dion</name><sort-name>Dion, Céline</sort-name></artist></name-credit></artist-credit></recording></track><track id="5024c8f4-b389-3996-be77-005601dd36fb"><position>5</position><number>5</number><length>266800</length><recording id="f7677f92-2ec0-40fa-b079-83e7cdd21953"><title>Love Is on the Way</title><length>266800</length><artist-credit><name-credit><artist id="847e8a0c-cc20-4213-9e16-975515c2a926"><name>Céline Dion</name><sort-name>Dion, Céline</sort-name></artist></name-credit></artist-credit></recording></track><track id="509fbeb8-0497-3f29-8353-636addd69e0c"><position>6</position><number>6</number><length>291533</length><artist-credit><name-credit joinphrase=" with "><artist id="847e8a0c-cc20-4213-9e16-975515c2a926"><name>Céline Dion</name><sort-name>Dion, Céline</sort-name></artist></name-credit><name-credit><artist id="56cd15a1-0d74-438b-8244-c96ffe1cae03"><name>Barbra Streisand</name><sort-name>Streisand, Barbra</sort-name></artist></name-credit></artist-credit><recording id="002e525c-85e6-47c4-a108-494aa25414ec"><title>Tell Him</title><length>293040</length><disambiguation>album version</disambiguation><artist-credit><name-credit joinphrase=" &amp; "><artist id="56cd15a1-0d74-438b-8244-c96ffe1cae03"><name>Barbra Streisand</name><sort-name>Streisand, Barbra</sort-name></artist></name-credit><name-credit><artist id="847e8a0c-cc20-4213-9e16-975515c2a926"><name>Céline Dion</name><sort-name>Dion, Céline</sort-name></artist></name-credit></artist-credit></recording></track><track id="c2c8e3a8-e9d6-3a47-a2f2-be69b67c9169"><position>7</position><number>7</number><length>250666</length><recording id="6868af1d-670b-4641-883b-33d4b079073f"><title>Amar haciendo el amor</title><length>250666</length><artist-credit><name-credit><artist id="847e8a0c-cc20-4213-9e16-975515c2a926"><name>Céline Dion</name><sort-name>Dion, Céline</sort-name></artist></name-credit></artist-credit></recording></track><track id="7024d7cd-2422-3e60-a79a-76837ea4805b"><position>8</position><number>8</number><length>252640</length><recording id="509b9045-6a7d-456a-9461-b938e7ae5913"><title>When I Need You</title><length>252640</length><artist-credit><name-credit><artist id="847e8a0c-cc20-4213-9e16-975515c2a926"><name>Céline Dion</name><sort-name>Dion, Céline</sort-name></artist></name-credit></artist-credit></recording></track><track id="3aba1031-8c82-3af2-a1d0-d636b10ff236"><position>9</position><number>9</number><length>280400</length><recording id="9de69a85-d429-4f17-bce4-8517fd210028"><title>Miles to Go (Before I Sleep)</title><length>280400</length><artist-credit><name-credit><artist id="847e8a0c-cc20-4213-9e16-975515c2a926"><name>Céline Dion</name><sort-name>Dion, Céline</sort-name></artist></name-credit></artist-credit></recording></track><track id="9bc8b1ed-2b58-3bc0-b1fb-110ac41665bd"><position>10</position><number>10</number><length>346093</length><recording id="6d438fda-85c0-49ab-8583-29136a1c19d7"><title>Us</title><length>346093</length><artist-credit><name-credit><artist id="847e8a0c-cc20-4213-9e16-975515c2a926"><name>Céline Dion</name><sort-name>Dion, Céline</sort-name></artist></name-credit></artist-credit></recording></track><track id="c6ffc564-41c3-3426-aa83-f00ff4f7f855"><position>11</position><number>11</number><length>246840</length><recording id="b92d569e-a20c-47d7-b844-fef19835c50a"><title>Just a Little Bit of Love</title><length>246840</length><artist-credit><name-credit><artist id="847e8a0c-cc20-4213-9e16-975515c2a926"><name>Céline Dion</name><sort-name>Dion, Céline</sort-name></artist></name-credit></artist-credit></recording></track><track id="10a20c55-4d96-3060-92b7-515fc6ea6486"><position>12</position><number>12</number><length>280626</length><recording id="02d807d4-ff48-49e0-afbd-4552a688a7a1"><title>My Heart Will Go On</title><length>280626</length><artist-credit><name-credit><artist id="847e8a0c-cc20-4213-9e16-975515c2a926"><name>Céline Dion</name><sort-name>Dion, Céline</sort-name></artist></name-credit></artist-credit></recording></track><track id="76dd0f22-aa09-3559-959b-062275cda8d4"><position>13</position><number>13</number><length>295573</length><recording id="433c5163-f65f-4094-95c3-701bce6eae33"><title>Where Is the Love</title><length>295573</length><artist-credit><name-credit><artist id="847e8a0c-cc20-4213-9e16-975515c2a926"><name>Céline Dion</name><sort-name>Dion, Céline</sort-name></artist></name-credit></artist-credit></recording></track><track id="079c5c39-456e-3878-aee0-5dcebd62de78"><position>14</position><number>14</number><title>Be the Man</title><length>279626</length><recording id="629f95a2-340b-408a-b267-cbd07c0e7315"><title>Be the Man (On This Night)</title><length>280266</length><artist-credit><name-credit><artist id="847e8a0c-cc20-4213-9e16-975515c2a926"><name>Céline Dion</name><sort-name>Dion, Céline</sort-name></artist></name-credit></artist-credit></recording></track><track id="3076fc2d-1647-3b96-b90f-7ec5fc9fd7ff"><position>15</position><number>15</number><length>283506</length><recording id="13fc800b-d826-4c12-b9bd-7a6ac846c1de"><title>I Hate You Then I Love You</title><length>283506</length><artist-credit><name-credit joinphrase=" with "><artist id="847e8a0c-cc20-4213-9e16-975515c2a926"><name>Céline Dion</name><sort-name>Dion, Céline</sort-name></artist></name-credit><name-credit><artist id="705076ef-a0c5-472f-bebd-3e72174fcaf4"><name>Luciano Pavarotti</name><sort-name>Pavarotti, Luciano</sort-name></artist></name-credit></artist-credit></recording></track><track id="e304b1a0-ca10-33ce-bf1c-82b2366b584e"><position>16</position><number>16</number><length>315000</length><recording id="87ae1509-31bc-4e84-8bdd-6c184b22cd1c"><title>Let's Talk About Love</title><length>315000</length><artist-credit><name-credit><artist id="847e8a0c-cc20-4213-9e16-975515c2a926"><name>Céline Dion</name><sort-name>Dion, Céline</sort-name></artist></name-credit></artist-credit></recording></track></track-list></medium></medium-list></release></metadata>