<?xml version="1.0" encoding="UTF-8"?>
<metadata xmlns="http://musicbrainz.org/ns/mmd-2.0#"><release id="0e30bc2e-91a0-4687-a6f5-ac8ef2626b1e"><title>Gorillaz</title><status>Official</status><quality>normal</quality><packaging>Jewel Case</packaging><text-representation><language>eng</language><script>Latn</script></text-representation><artist-credit><name-credit><artist id="e21857d5-3256-4547-afb3-4b6ded592596"><name>Gorillaz</name><sort-name>Gorillaz</sort-name></artist></name-credit></artist-credit><date>2001-03-26</date><country>GB</country><release-event-list count="1"><release-event><date>2001-03-26</date><area id="8a754a16-0027-3a29-b6d7-2b40ea0481ed"><name>United Kingdom</name><sort-name>United Kingdom</sort-name><iso-3166-1-code-list><iso-3166-1-code>GB</iso-3166-1-code></iso-3166-1-code-list></area></release-event></release-event-list><barcode>724353113803</barcode><asin>B000056BAF</asin><cover-art-archive><artwork>true</artwork><count>1</count><front>true</front><back>false</back></cover-art-archive><label-info-list count="1"><label-info><catalog-number>7243 5311380 3</catalog-number><label id="df7d1c7f-ef95-425f-8eef-445b3d7bcbd9"><name>Parlophone</name><sort-name>Parlophone</sort-name><label-code>299</label-code></label></label-info></label-info-list><medium-list count="1"><medium><position>1</position><format>CD</format><disc-list count="5"><disc id="9k8oeS2CxKFQ_Pjf0Fpun.nYZBM-"><sectors>287221</sectors></disc><disc id="FNORRy1LX_RjuclGFq8ye04huc0-"><sectors>287190</sectors></disc><disc id="K9orfHeIY8ouk95SrbBFzTSzaDY-"><sectors>287070</sectors></disc><disc id="PyQfQUPn.2uv3JWOOmVD9uCENMg-"><sectors>287040</sectors></disc><disc id="jM5kaP564LLEH2e4ABoRWBTup0A-"><sectors>287220</sectors></disc></disc-list><track-list count="15" offset="0"><track id="5c8298b5-1f73-33b1-93f2-8c00c2125cbc"><position>1</position><number>1</number><length>220400</length><recording id="ca039778-ff30-4af7-a558-84c8746924bc"><title>Re-Hash</title><length>218440</length><artist-credit><name-credit><artist id="e21857d5-3256-4547-afb3-4b6ded592596"><name>Gorillaz</name><sort-name>Gorillaz</sort-name></artist></name-credit></artist-credit></recording></track><track id="3cbc47f2-0e91-3898-aaee-219e4fba1bed"><position>2</position><number>2</number><length>162066</length><recording id="0bce478e-ff71-41ba-bb7b-310910d11cde"><title>5/4</title><length>160106</length><artist-credit><name-credit><artist id="e21857d5-3256-4547-afb3-4b6ded592596"><name>Gorillaz</name><sort-name>Gorillaz</sort-name></artist></name-credit></artist-credit></recording></track><track id="329ab7c3-d553-3e01-9441-c7e3f0ccf038"><position>3</position><number>3</number><length>194866</length><recording id="722f3405-d15e-4763-8221-9ef0d5db3a35"><title>Tomorrow Comes Today</title><length>194773</length><artist-credit><name-credit><artist id="e21857d5-3256-4547-afb3-4b6ded592596"><name>Gorillaz</name><sort-name>Gorillaz</sort-name></artist></name-credit></artist-credit></recording></track><track id="ae24c1bc-1660-3295-8c56-c415578cbdc4"><position>4</position><number>4</number><length>240000</length><recording id="9df19dae-b00b-49e0-8528-d2f2ebf7193a"><title>New Genious (Brother)</title><length>238040</length><artist-credit><name-credit><artist id="e21857d5-3256-4547-afb3-4b6ded592596"><name>Gorillaz</name><sort-name>Gorillaz</sort-name></artist></name-credit></artist-credit></recording></track><track id="f8b6f633-0a26-3901-a5ad-a1b08e0f6ac9"><position>5</position><number>5</number><length>341800</length><recording id="77032ab7-10b3-4275-af00-9568ba3f47e3"><title>Clint Eastwood</title><length>339933</length><artist-credit><name-credit><artist id="e21857d5-3256-4547-afb3-4b6ded592596"><name>Gorillaz</name><sort-name>Gorillaz</sort-name></artist></name-credit></artist-credit></recording></track><track id="72628767-109d-3a81-936e-98b866ea198c"><position>6</position><number>6</number><length>274560</length><recording id="172274be-8af6-4ab9-8d7f-d3c15224e4d0"><title>Man Research (Clapper)</title><length>272600</length><artist-credit><name-credit><artist id="e21857d5-3256-4547-afb3-4b6ded592596"><name>Gorillaz</name><sort-name>Gorillaz</sort-name></artist></name-credit></artist-credit></recording></track><track id="bee36613-fa8f-362c-9c14-083dae1a4fea"><position>7</position><number>7</number><length>98440</length><recording id="c7bd8ff1-9e4e-4980-988f-1a489f60475e"><title>Punk</title><length>96320</length><artist-credit><name-credit><artist id="e21857d5-3256-4547-afb3-4b6ded592596"><name>Gorillaz</name><sort-name>Gorillaz</sort-name></artist></name-credit></artist-credit></recording></track><track id="778e2c35-1ec2-32a2-9647-d8b48158f674"><position>8</position><number>8</number><length>282960</length><recording id="90256d17-728a-40e1-b85f-a2403f4dd7fe"><title>Sound Check (Gravity)</title><length>281026</length><artist-credit><name-credit><artist id="e21857d5-3256-4547-afb3-4b6ded592596"><name>Gorillaz</name><sort-name>Gorillaz</sort-name></artist></name-credit></artist-credit></recording></track><track id="e0fde486-bd9e-3697-9eff-ccb6b597d0c3"><position>9</position><number>9</number><length>287066</length><recording id="360303db-b814-4c0b-b29c-e267208a2a78"><title>Double Bass</title><length>285106</length><artist-credit><name-credit><artist id="e21857d5-3256-4547-afb3-4b6ded592596"><name>Gorillaz</name><sort-name>Gorillaz</sort-name></artist></name-credit></artist-credit></recording></track><track id="89e6613a-28c6-3ef7-abfb-4d4a2963069f"><position>10</position><number>10</number><length>251040</length><recording id="8670f655-0740-4a00-929e-2e83a0411d8a"><title>Rock the House</title><length>251280</length><artist-credit><name-credit><artist id="e21857d5-3256-4547-afb3-4b6ded592596"><name>Gorillaz</name><sort-name>Gorillaz</sort-name></artist></name-credit></artist-credit></recording></track><track id="a085fcee-7375-3bfc-a2e9-5a9700fcdac2"><position>11</position><number>11</number><length>209533</length><recording id="1a4697b2-9f93-41ca-9f6e-dd5fe26d9754"><title>19-2000</title><length>207546</length><artist-credit><name-credit><artist id="e21857d5-3256-4547-afb3-4b6ded592596"><name>Gorillaz</name><sort-name>Gorillaz</sort-name></artist></name-credit></artist-credit></recording></track><track id="25e088a8-eed4-31c9-9c4d-08e5517e6ccb"><position>12</position><number>12</number><title>Latin Simone (Que pasa contigo)</title><length>218933</length><recording id="81244866-a534-49be-a156-bd456ee7be41"><title>Latin Simone (Que Pasa Contigo)</title><length>216960</length><artist-credit><name-credit><artist id="e21857d5-3256-4547-afb3-4b6ded592596"><name>Gorillaz</name><sort-name>Gorillaz</sort-name></artist></name-credit></artist-credit></recording></track><track id="fb4842d9-f03d-3221-842d-0f7c5a192ceb"><position>13</position><number>13</number><length>213466</length><recording id="bcfc9603-0de5-4fe8-b101-ce3b6482253f"><title>Starshine</title><length>211546</length><artist-credit><name-credit><artist id="e21857d5-3256-4547-afb3-4b6ded592596"><name>Gorillaz</name><sort-name>Gorillaz</sort-name></artist></name-credit></artist-credit></recording></track><track id="474727fe-3c9b-3c88-9384-65eb846a2934"><position>14</position><number>14</number><length>217533</length><recording id="eee199bd-255d-4cb5-8ec7-874d143a5673"><title>Slow Country</title><length>215546</length><artist-credit><name-credit><artist id="e21857d5-3256-4547-afb3-4b6ded592596"><name>Gorillaz</name><sort-name>Gorillaz</sort-name></artist></name-credit></artist-credit></recording></track><track id="3d5a2a15-80ae-3aea-a15e-d42e10dad8b2"><position>15</position><number>15</number><length>640933</length><recording id="64ba1097-7ede-4b37-b9b7-d8dc58f659cd"><title>M1 A1 / Clint Eastwood (Ed Case refix)</title><length>640933</length><artist-credit><name-credit><artist id="e21857d5-3256-4547-afb3-4b6ded592596"><name>Gorillaz</name><sort-name>Gorillaz</sort-name></artist></name-credit></artist-credit></recording></track></track-list></medium></medium-list></release></metadata>