<?xml version="1.0" encoding="UTF-8"?>
<metadata xmlns="http://musicbrainz.org/ns/mmd-2.0#"><release id="82513761-6b34-4060-b4ad-dd42a75d199b"><title>Demon Days</title><status>Official</status><quality>normal</quality><packaging>Jewel Case</packaging><text-representation><language>eng</language><script>Latn</script></text-representation><artist-credit><name-credit><artist id="e21857d5-3256-4547-afb3-4b6ded592596"><name>Gorillaz</name><sort-name>Gorillaz</sort-name></artist></name-credit></artist-credit><date>2005-05-24</date><country>US</country><release-event-list count="1"><release-event><date>2005-05-24</date><area id="489ce91b-6658-3307-9877-795b68554c98"><name>United States</name><sort-name>United States</sort-name><iso-3166-1-code-list><iso-3166-1-code>US</iso-3166-1-code></iso-3166-1-code-list></area></release-event></release-event-list><barcode>724387383821</barcode><asin>B00082IJ08</asin><cover-art-archive><artwork>true</artwork><count>1</count><front>true</front><back>false</back></cover-art-archive><label-info-list count="1"><label-info><catalog-number>7243 8 73838 2 1</catalog-number><label id="1644d8bc-b558-447f-82eb-5d6829988156"><name>Virgin Records America</name><sort-name>Virgin Records America</sort-name><label-code>3098</label-code></label></label-info></label-info-list><medium-list count="1"><medium><position>1</position><format>CD</format><disc-list count="8"><disc id="5nZJJbUHHqoDNC7_.y9wuc_AMSU-"><sectors>215662</sectors></disc><disc id="PW8twc8RWNsjMEnlRO7vjgVFk5E-"><sectors>228842</sectors></disc><disc id="QmrrfxczN3aS9F.EQnJz8rRYy3E-"><sectors>228843</sectors></disc><disc id="Xc8CwkVWz_ATQmdEbMMxNT2u7B0-"><sectors>215594</sectors></disc><disc id="bMM0F12oGEiqiO3d_TT3kiEJte0-"><sectors>228847</sectors></disc><disc id="fftjuSwgOo_mtUFdX1yK3xBTw98-"><sectors>228890</sectors></disc><disc id="pxcsJBYB3idDMckxSqWOijoiMsQ-"><sectors>228992</sectors></disc><disc id="s_AOBZlXk4iaPGp5EItvpnTUzrg-"><sectors>228931</sectors></disc></disc-list><track-list count="15" offset="0"><track id="1d7fb6a1-d3e6-3657-a162-41b24d9ac7ba"><position>1</position><number>1</number><length>63480</length><recording id="f1d74665-9517-4ff7-8251-6202d05435b0"><title>Intro</title><length>63480</length><artist-credit><name-credit><artist id="e21857d5-3256-4547-afb3-4b6ded592596"><name>Gorillaz</name><sort-name>Gorillaz</sort-name></artist></name-credit></artist-credit></recording></track><track id="74944217-b9eb-3e96-8ed1-fed80c799b61"><position>2</position><number>2</number><length>190546</length><recording id="e2e98345-f26a-446a-a95f-8a1741ac2d01"><title>Last Living Souls</title><length>190546</length><artist-credit><name-credit><artist id="e21857d5-3256-4547-afb3-4b6ded592596"><name>Gorillaz</name><sort-name>Gorillaz</sort-name></artist></name-credit></artist-credit></recording></track><track id="2fd67929-af9d-39fe-8972-a877822be278"><position>3</position><number>3</number><length>226040</length><recording id="806d8ff3-d1d4-4178-a524-623b87ca0c62"><title>Kids With Guns</title><length>226933</length><artist-credit><name-credit><artist id="e21857d5-3256-4547-afb3-4b6ded592596"><name>Gorillaz</name><sort-name>Gorillaz</sort-name></artist></name-credit></artist-credit></recording></track><track id="bd73eab7-59f2-3e96-aed6-e0bc6f4d3848"><position>4</position><number>4</number><length>272280</length><recording id="18e66faf-9df4-4c8c-9a51-ca4ca4ba21fc"><title>O Green World</title><length>272280</length><artist-credit><name-credit><artist id="e21857d5-3256-4547-afb3-4b6ded592596"><name>Gorillaz</name><sort-name>Gorillaz</sort-name></artist></name-credit></artist-credit></recording></track><track id="4f2997da-fc1c-3261-af7c-c3779ef4d3e6"><position>5</position><number>5</number><length>223960</length><recording id="b3724cd7-d268-42f5-8557-88d926a4b689"><title>Dirty Harry</title><length>223960</length><artist-credit><name-credit><artist id="e21857d5-3256-4547-afb3-4b6ded592596"><name>Gorillaz</name><sort-name>Gorillaz</sort-name></artist></name-credit></artist-credit></recording></track><track id="b8fb0b2d-2547-3f80-8662-41992197d4a4"><position>6</position><number>6</number><length>221400</length><recording id="416b0e1a-3bb5-4bf4-b01b-0183995e48ed"><title>Feel Good Inc.</title><length>221400</length><artist-credit><name-credit><artist id="e21857d5-3256-4547-afb3-4b6ded592596"><name>Gorillaz</name><sort-name>Gorillaz</sort-name></artist></name-credit></artist-credit></recording></track><track id="6f9bb284-ecdf-3a80-929b-67e77cf7d721"><position>7</position><number>7</number><length>230306</length><recording id="d0769eb3-ca35-4aab-aa45-ecedee55250b"><title>El mañana</title><length>230026</length><artist-credit><name-credit><artist id="e21857d5-3256-4547-afb3-4b6ded592596"><name>Gorillaz</name><sort-name>Gorillaz</sort-name></artist></name-credit></artist-credit></recording></track><track id="0fd65176-d51c-3d47-98a1-5354134a54eb"><position>8</position><number>8</number><length>293466</length><recording id="ae28e0d1-73ab-4292-a8f5-fa28dffec415"><title>Every Planet We Reach Is Dead</title><length>293466</length><artist-credit><name-credit><artist id="e21857d5-3256-4547-afb3-4b6ded592596"><name>Gorillaz</name><sort-name>Gorillaz</sort-name></artist></name-credit></artist-credit></recording></track><track id="fb511671-c52b-3028-ae55-3dd4746bd7bc"><position>9</position><number>9</number><length>161386</length><recording id="ef5190a2-f724-479f-a604-0e958008701c"><title>November Has Come</title><length>161386</length><artist-credit><name-credit><artist id="e21857d5-3256-4547-afb3-4b6ded592596"><name>Gorillaz</name><sort-name>Gorillaz</sort-name></artist></name-credit></artist-credit></recording></track><track id="7ab73300-d748-3003-9fee-ddf6b0717efa"><position>10</position><number>10</number><length>210240</length><recording id="92da1f05-0d96-441b-8e63-661a31779ff7"><title>All Alone</title><length>210240</length><artist-credit><name-credit><artist id="e21857d5-3256-4547-afb3-4b6ded592596"><name>Gorillaz</name><sort-name>Gorillaz</sort-name></artist></name-credit></artist-credit></recording></track><track id="042aa809-9ffc-3fc3-be70-7ad9c2670e2f"><position>11</position><number>11</number><length>128680</length><recording id="b606b492-2dbd-48ac-b847-ec548d6a03b3"><title>White Light</title><length>128680</length><artist-credit><name-credit><artist id="e21857d5-3256-4547-afb3-4b6ded592596"><name>Gorillaz</name><sort-name>Gorillaz</sort-name></artist></name-credit></artist-credit></recording></track><track id="a98e5bb2-9d46-3eac-acb8-2f18f3a42422"><position>12</position><number>12</number><length>244613</length><recording id="c1b2cea4-b493-4768-acf5-6948a4fe522b"><title>DARE</title><length>244613</length><artist-credit><name-credit><artist id="e21857d5-3256-4547-afb3-4b6ded592596"><name>Gorillaz</name><sort-name>Gorillaz</sort-name></artist></name-credit></artist-credit></recording></track><track id="a3425de7-07b5-3b32-bfc2-f14288d4c565"><position>13</position><number>13</number><length>196680</length><recording id="81519da9-b8db-4d42-bd8b-011070c78bb7"><title>Fire Coming Out of the Monkey’s Head</title><length>196680</length><artist-credit><name-credit><artist id="e21857d5-3256-4547-afb3-4b6ded592596"><name>Gorillaz</name><sort-name>Gorillaz</sort-name></artist></name-credit></artist-credit></recording></track><track id="fff15644-cc9f-3b33-b568-16481a044cb7"><position>14</position><number>14</number><length>120720</length><recording id="872fc077-11c1-4676-9594-a926d4840a49"><title>Don’t Get Lost in Heaven</title><length>120720</length><artist-credit><name-credit><artist id="e21857d5-3256-4547-afb3-4b6ded592596"><name>Gorillaz</name><sort-name>Gorillaz</sort-name></artist></name-credit></artist-credit></recording></track><track id="f7d2c54c-203e-36e6-85e9-159a10d0259a"><position>15</position><number>15</number><length>268200</length><recording id="3deb3a80-28d9-462c-bb34-f837c9363b69"><title>Demon Days</title><length>268200</length><artist-credit><name-credit><artist id="e21857d5-3256-4547-afb3-4b6ded592596"><name>Gorillaz</name><sort-name>Gorillaz</sort-name></artist></name-credit></artist-credit></recording></track></track-list></medium></medium-list></release></metadata>