<?xml version="1.0" encoding="UTF-8"?>
<metadata xmlns="http://musicbrainz.org/ns/mmd-2.0#"><release id="3811a110-cce0-4ddd-b52f-e12c50190783"><title>Whitney Houston</title><status>Official</status><quality>normal</quality><text-representation><language>eng</language><script>Latn</script></text-representation><artist-credit><name-credit><artist id="0307edfc-437c-4b48-8700-80680e66a228"><name>Whitney Houston</name><sort-name>Houston, Whitney</sort-name></artist></name-credit></artist-credit><date>1985-02-14</date><country>GB</country><release-event-list count="1"><release-event><date>1985-02-14</date><area id="8a754a16-0027-3a29-b6d7-2b40ea0481ed"><name>United Kingdom</name><sort-name>United Kingdom</sort-name><iso-3166-1-code-list><iso-3166-1-code>GB</iso-3166-1-code></iso-3166-1-code-list></area></release-event></release-event-list><barcode>4007196103597</barcode><asin>B000002VCQ</asin><cover-art-archive><artwork>true</artwork><count>1</count><front>true</front><back>false</back></cover-art-archive><label-info-list count="1"><label-info><catalog-number>610 359-222</catalog-number><label id="c62e3985-6370-446a-bfb8-f1f6122e9c33"><name>Arista</name><sort-name>Arista</sort-name><label-code>3484</label-code></label></label-info></label-info-list><medium-list count="1"><medium><position>1</position><format>CD</format><disc-list count="8"><disc id="5e9__YaY5.zuMK943T2gr9Rl.PA-"><sectors>213382</sectors></disc><disc id="6eOnVvRCMlgrDTDZ44sLa0whFqM-"><sectors>212243</sectors></disc><disc id="GLg8kYbNc8mvmNojjRNnqkW5lfU-"><sectors>213085</sectors></disc><disc id="OU.jq5pCtZKWhqg_i8U5eDNl3P8-"><sectors>212772</sectors></disc><disc id="SLVNNXRDHwcIkcAHHIgsvK16KWw-"><sectors>213290</sectors></disc><disc id="UzG69QQsyz0EEhUH6QLriLTPoj8-"><sectors>213332</sectors></disc><disc id="a.qqUf3ABVp1jdYkoxTX4FveSHA-"><sectors>213322</sectors></disc><disc id="cMMAP3eJZdVs69Izz6Dr2EpGNUg-"><sectors>212242</sectors></disc></disc-list><track-list count="10" offset="0"><track id="78a11181-5e87-3863-af71-24911708b979"><position>1</position><number>1</number><length>277240</length><recording id="3e165cec-72b1-4811-9d3f-2b66185ff370"><title>You Give Good Love</title><length>277240</length><artist-credit><name-credit><artist id="0307edfc-437c-4b48-8700-80680e66a228"><name>Whitney Houston</name><sort-name>Houston, Whitney</sort-name></artist></name-credit></artist-credit></recording></track><track id="e0f49b5d-4e60-34a6-a60d-ddd06d444f93"><position>2</position><number>2</number><length>326133</length><recording id="8375cb5f-9e90-41c2-aa38-34035fc62cd8"><title>Thinking About You</title><length>326133</length><artist-credit><name-credit><artist id="0307edfc-437c-4b48-8700-80680e66a228"><name>Whitney Houston</name><sort-name>Houston, Whitney</sort-name></artist></name-credit></artist-credit></recording></track><track id="af73a7da-4558-3a0e-b0c1-2a9fd8cddafb"><position>3</position><number>3</number><length>301600</length><recording id="ad879fc5-39b0-4544-9acc-3873254d2edd"><title>Someone for Me</title><length>301600</length><artist-credit><name-credit><artist id="0307edfc-437c-4b48-8700-80680e66a228"><name>Whitney Houston</name><sort-name>Houston, Whitney</sort-name></artist></name-credit></artist-credit></recording></track><track id="d0fb80a1-3208-369d-b2e1-83c4d07d8cc4"><position>4</position><number>4</number><length>238933</length><recording id="afaf6df8-cf3c-4bdd-8ec0-6f6e866c4ca6"><title>Saving All My Love for You</title><length>237693</length><artist-credit><name-credit><artist id="0307edfc-437c-4b48-8700-80680e66a228"><name>Whitney Houston</name><sort-name>Houston, Whitney</sort-name></artist></name-credit></artist-credit></recording></track><track id="a42da148-4782-3473-859f-f18f2f15f273"><position>5</position><number>5</number><length>229426</length><recording id="81a5cc14-2474-49b3-b6c8-b9832e19cd6d"><title>Nobody Loves Me Like You Do</title><length>229426</length><artist-credit><name-credit joinphrase=" feat. "><artist id="0307edfc-437c-4b48-8700-80680e66a228"><name>Whitney Houston</name><sort-name>Houston, Whitney</sort-name></artist></name-credit><name-credit><artist id="ccbdc2ab-1055-44d5-8417-a6b4898bf91b"><name>Jermaine Jackson</name><sort-name>Jackson, Jermaine</sort-name><disambiguation>soul/pop singer, of Jackson 5</disambiguation></artist></name-credit></artist-credit></recording></track><track id="85b99304-073b-3dc3-81b5-6bf13fcf1ce5"><position>6</position><number>6</number><length>276506</length><recording id="c4bbb87c-f8d7-4f16-9919-6781de7e8ab8"><title>How Will I Know</title><length>276506</length><artist-credit><name-credit><artist id="0307edfc-437c-4b48-8700-80680e66a228"><name>Whitney Houston</name><sort-name>Houston, Whitney</sort-name></artist></name-credit></artist-credit></recording></track><track id="8bf9b5c6-6f8a-3b0e-91ab-05a27bd5f6fd"><position>7</position><number>7</number><length>269626</length><recording id="0f96bb2c-47aa-4993-ba8f-c68fc8b67e97"><title>All at Once</title><length>269040</length><artist-credit><name-credit><artist id="0307edfc-437c-4b48-8700-80680e66a228"><name>Whitney Houston</name><sort-name>Houston, Whitney</sort-name></artist></name-credit></artist-credit></recording></track><track id="22a2820c-dbf4-3143-9bbb-21a1325cd299"><position>8</position><number>8</number><length>256306</length><recording id="77945411-8814-4a31-b539-b19a0ccbe8c2"><title>Take Good Care of My Heart</title><length>256306</length><artist-credit><name-credit joinphrase=" feat. "><artist id="0307edfc-437c-4b48-8700-80680e66a228"><name>Whitney Houston</name><sort-name>Houston, Whitney</sort-name></artist></name-credit><name-credit><artist id="ccbdc2ab-1055-44d5-8417-a6b4898bf91b"><name>Jermaine Jackson</name><sort-name>Jackson, Jermaine</sort-name><disambiguation>soul/pop singer, of Jackson 5</disambiguation></artist></name-credit></artist-credit></recording></track><track id="01587aa5-9574-3dcd-b189-fb14d8eec1df"><position>9</position><number>9</number><length>291400</length><recording id="9f0682aa-7525-4e8c-9208-654e036a1b6e"><title>Greatest Love of All</title><length>291400</length><disambiguation>2000 remaster</disambiguation><artist-credit><name-credit><artist id="0307edfc-437c-4b48-8700-80680e66a228"><name>Whitney Houston</name><sort-name>Houston, Whitney</sort-name></artist></name-credit></artist-credit></recording></track><track id="36fc97a4-d34a-3291-ad22-410f679f1f87"><position>10</position><number>10</number><length>360733</length><recording id="3515f563-575e-401e-9104-1bc0d5598029"><title>Hold Me</title><length>360733</length><artist-credit><name-credit joinphrase=" feat. "><artist id="0307edfc-437c-4b48-8700-80680e66a228"><name>Whitney Houston</name><sort-name>Houston, Whitney</sort-name></artist></name-credit><name-credit><artist id="293029f7-ac9e-4a8b-bb50-67935b373c47"><name>Teddy Pendergrass</name><sort-name>Pendergrass, Teddy</sort-name></artist></name-credit></artist-credit></recording></track></track-list></medium></medium-list></release></metadata>