<?xml version="1.0" encoding="UTF-8"?>
<metadata xmlns="http://musicbrainz.org/ns/mmd-2.0#"><release id="f10fb9b4-9ab4-396a-876e-acea8aa7b9ec"><title>The Rolling Stones</title><status>Official</status><quality>normal</quality><text-representation><language>eng</language><script>Latn</script></text-representation><artist-credit><name-credit><artist id="b071f9fa-14b0-4217-8e97-eb41da73f598"><name>The Rolling Stones</name><sort-name>Rolling Stones, The</sort-name></artist></name-credit></artist-credit><date>1984</date><country>GB</country><release-event-list count="1"><release-event><date>1984</date><area id="8a754a16-0027-3a29-b6d7-2b40ea0481ed"><name>United Kingdom</name><sort-name>United Kingdom</sort-name><iso-3166-1-code-list><iso-3166-1-code>GB</iso-3166-1-code></iso-3166-1-code-list></area></release-event></release-event-list><asin>B001B10GGK</asin><cover-art-archive><artwork>true</artwork><count>2</count><front>true</front><back>true</back></cover-art-archive><label-info-list count="1"><label-info><catalog-number>820 047-2</catalog-number><label id="60a0dd34-2333-4679-9050-38c21f7bc616"><name>London Records</name><sort-name>London Records</sort-name><disambiguation>used by British Decca for releases in the US between 1947-1998</disambiguation><label-code>253</label-code></label></label-info></label-info-list><medium-list count="1"><medium><position>1</position><format>CD</format><disc-list count="1"><disc id="yiNzu6gNjmTZgA1UV8y3pb9nRSs-"><sectors>150488</sectors></disc></disc-list><track-list count="12" offset="0"><track id="b67916f6-b052-3539-ba32-a784470fe7e0"><position>1</position><number>1</number><length>145133</length><recording id="a32b623e-edc4-4439-988d-33a19708ef6d"><title>(Get Your Kicks on) Route 66</title><length>145133</length><artist-credit><name-credit><artist id="b071f9fa-14b0-4217-8e97-eb41da73f598"><name>The Rolling Stones</name><sort-name>Rolling Stones, The</sort-name></artist></name-credit></artist-credit></recording></track><track id="6ba91612-c8e6-320d-9047-03259f80604d"><position>2</position><number>2</number><length>141466</length><recording id="3b2c874d-0e57-4083-a16b-044598e91b30"><title>I Just Wanna Make Love to You</title><length>141466</length><artist-credit><name-credit><artist id="b071f9fa-14b0-4217-8e97-eb41da73f598"><name>The Rolling Stones</name><sort-name>Rolling Stones, The</sort-name></artist></name-credit></artist-credit></recording></track><track id="ef8b53a8-d596-39d4-95d6-90c0798ab523"><position>3</position><number>3</number><length>134026</length><recording id="cb2046fc-5b7e-4364-b0b3-0fd13cbd5f6f"><title>Honest I Do</title><length>131200</length><artist-credit><name-credit><artist id="b071f9fa-14b0-4217-8e97-eb41da73f598"><name>The Rolling Stones</name><sort-name>Rolling Stones, The</sort-name></artist></name-credit></artist-credit></recording></track><track id="142fce74-0ae2-367d-8e71-18f431742a25"><position>4</position><number>4</number><length>218200</length><recording id="bfebada8-a16b-4370-90a6-b708ec0359fe"><title>Mona (I Need You Baby)</title><length>217333</length><artist-credit><name-credit><artist id="b071f9fa-14b0-4217-8e97-eb41da73f598"><name>The Rolling Stones</name><sort-name>Rolling Stones, The</sort-name></artist></name-credit></artist-credit></recording></track><track id="608120f1-bbcf-3ced-b034-2242983ac2c2"><position>5</position><number>5</number><length>154733</length><recording id="e4591bdb-7cef-47b1-bafa-988b6f008096"><title>Now I’ve Got a Witness (Like Uncle Phil and Uncle Gene)</title><length>154733</length><artist-credit><name-credit><artist id="b071f9fa-14b0-4217-8e97-eb41da73f598"><name>The Rolling Stones</name><sort-name>Rolling Stones, The</sort-name></artist></name-credit></artist-credit></recording></track><track id="42fd47be-461b-3665-9e8f-2c9565416b8f"><position>6</position><number>6</number><length>164373</length><recording id="0be6dc06-caf3-4625-a63e-b32f9672afe2"><title>Little by Little</title><length>164373</length><artist-credit><name-credit><artist id="b071f9fa-14b0-4217-8e97-eb41da73f598"><name>The Rolling Stones</name><sort-name>Rolling Stones, The</sort-name></artist></name-credit></artist-credit></recording></track><track id="9365f6f3-63ec-3631-865b-18780ae5fae5"><position>7</position><number>7</number><length>159266</length><recording id="72cb2231-6318-4f2f-a52a-6114f5b8eb46"><title>I’m a King Bee</title><length>157640</length><artist-credit><name-credit><artist id="b071f9fa-14b0-4217-8e97-eb41da73f598"><name>The Rolling Stones</name><sort-name>Rolling Stones, The</sort-name></artist></name-credit></artist-credit></recording></track><track id="310537e0-666b-3c16-9e85-b3c2bb020d07"><position>8</position><number>8</number><length>158293</length><recording id="d1413d41-dcb2-4147-bb53-35c523e1ff05"><title>Carol</title><length>155360</length><artist-credit><name-credit><artist id="b071f9fa-14b0-4217-8e97-eb41da73f598"><name>The Rolling Stones</name><sort-name>Rolling Stones, The</sort-name></artist></name-credit></artist-credit></recording></track><track id="e2754d78-fe1c-3092-af6b-130cad49c604"><position>9</position><number>9</number><length>232533</length><recording id="81138bd0-c099-41fe-8f5c-574bb5955db0"><title>Tell Me (You’re Coming Back)</title><length>232533</length><artist-credit><name-credit><artist id="b071f9fa-14b0-4217-8e97-eb41da73f598"><name>The Rolling Stones</name><sort-name>Rolling Stones, The</sort-name></artist></name-credit></artist-credit></recording></track><track id="65312fd0-d860-3394-ae5d-6b31363a0639"><position>10</position><number>10</number><length>179466</length><recording id="949392a3-3e26-4e9b-8557-1cc8e5658c75"><title>Can I Get a Witness</title><length>178200</length><artist-credit><name-credit><artist id="b071f9fa-14b0-4217-8e97-eb41da73f598"><name>The Rolling Stones</name><sort-name>Rolling Stones, The</sort-name></artist></name-credit></artist-credit></recording></track><track id="52ac6385-2072-3d8a-8bab-708b2c38d09d"><position>11</position><number>11</number><length>126573</length><recording id="b2086dee-9d39-4f64-8d68-2d3531980e3e"><title>You Can Make It If You Try</title><length>126573</length><artist-credit><name-credit><artist id="b071f9fa-14b0-4217-8e97-eb41da73f598"><name>The Rolling Stones</name><sort-name>Rolling Stones, The</sort-name></artist></name-credit></artist-credit></recording></track><track id="74b6c05c-2e5b-3f83-ba8b-eae7d91c4331"><position>12</position><number>12</number><length>190000</length><recording id="8c3f16ed-0be8-48a5-bf28-0401c564993a"><title>Walking the Dog</title><length>189760</length><artist-credit><name-credit><artist id="b071f9fa-14b0-4217-8e97-eb41da73f598"><name>The Rolling Stones</name><sort-name>Rolling Stones, The</sort-name></artist></name-credit></artist-credit></recording></track></track-list></medium></medium-list></release></metadata>