<?xml version="1.0" encoding="UTF-8"?>
<metadata xmlns="http://musicbrainz.org/ns/mmd-2.0#"><release id="85e7765c-3e77-4989-bbc4-23ecc14cea62"><title>The Meters</title><status>Official</status><quality>normal</quality><packaging>Jewel Case</packaging><text-representation><language>eng</language><script>Latn</script></text-representation><artist-credit><name-credit><artist id="851827d6-ae31-4093-a166-1420cac610a4"><name>The Meters</name><sort-name>Meters, The</sort-name></artist></name-credit></artist-credit><date>1999-11-16</date><country>US</country><release-event-list count="1"><release-event><date>1999-11-16</date><area id="489ce91b-6658-3307-9877-795b68554c98"><name>United States</name><sort-name>United States</sort-name><iso-3166-1-code-list><iso-3166-1-code>US</iso-3166-1-code></iso-3166-1-code-list></area></release-event></release-event-list><barcode>090771614629</barcode><asin>B0000365IM</asin><cover-art-archive><artwork>true</artwork><count>2</count><front>true</front><back>true</back></cover-art-archive><label-info-list count="1"><label-info><catalog-number>SC 6146</catalog-number><label id="ae5752fa-3dcd-470c-9c2f-8dad4fdce6ab"><name>Sundazed Music</name><sort-name>Sundazed Music</sort-name></label></label-info></label-info-list><medium-list count="1"><medium><position>1</position><format>CD</format><disc-list count="2"><disc id="byVsa_pB93H.RreeuVJRvo__SkQ-"><sectors>196847</sectors></disc><disc id="odwbGyzcikdb2JixESesoR7C6xM-"><sectors>194512</sectors></disc></disc-list><track-list count="14" offset="0"><track id="e7c190eb-316a-30b5-aa1e-5ce58b73520a"><position>1</position><number>1</number><length>186866</length><recording id="6a2a6cc4-dfdd-41e4-879f-e0f959a76253"><title>Cissy Strut</title><length>187000</length><artist-credit><name-credit><artist id="851827d6-ae31-4093-a166-1420cac610a4"><name>The Meters</name><sort-name>Meters, The</sort-name></artist></name-credit></artist-credit></recording></track><track id="3a8f6b06-3487-32c1-9fd8-f1404dac5e65"><position>2</position><number>2</number><length>175200</length><recording id="d86e1c80-06d6-4c79-9e1a-e66c8c289060"><title>Here Comes the Meter Man</title><length>175200</length><artist-credit><name-credit><artist id="851827d6-ae31-4093-a166-1420cac610a4"><name>The Meters</name><sort-name>Meters, The</sort-name></artist></name-credit></artist-credit></recording></track><track id="c21e6063-04e2-3def-bccc-a66ad05ac1bb"><position>3</position><number>3</number><length>275266</length><recording id="588a6d91-c43f-4270-acaa-197dd74a5fdc"><title>Cardova</title><length>278000</length><artist-credit><name-credit><artist id="851827d6-ae31-4093-a166-1420cac610a4"><name>The Meters</name><sort-name>Meters, The</sort-name></artist></name-credit></artist-credit></recording></track><track id="536d168b-3327-3381-bb08-8ca5a9336416"><position>4</position><number>4</number><length>160426</length><recording id="8af8cd79-1ac2-4b45-aa01-a52695d3df61"><title>Live Wire</title><length>160426</length><artist-credit><name-credit><artist id="851827d6-ae31-4093-a166-1420cac610a4"><name>The Meters</name><sort-name>Meters, The</sort-name></artist></name-credit></artist-credit></recording></track><track id="ae509cf6-64b9-3ab1-b505-9dfb57af20e8"><position>5</position><number>5</number><length>155106</length><recording id="df1ad876-d82d-4db9-b3f6-fa93437bc167"><title>Art</title><length>155106</length><artist-credit><name-credit><artist id="851827d6-ae31-4093-a166-1420cac610a4"><name>The Meters</name><sort-name>Meters, The</sort-name></artist></name-credit></artist-credit></recording></track><track id="651f8c25-813b-30b3-90c8-186fbf1067d8"><position>6</position><number>6</number><length>176693</length><recording id="ca96abe7-761b-4f95-abcc-852567a867b3"><title>Sophisticated Cissy</title><length>176693</length><artist-credit><name-credit><artist id="851827d6-ae31-4093-a166-1420cac610a4"><name>The Meters</name><sort-name>Meters, The</sort-name></artist></name-credit></artist-credit></recording></track><track id="1111539f-657c-3d37-87a0-0b8280bddf52"><position>7</position><number>7</number><length>194973</length><recording id="54fde540-776d-44ef-a09c-6212965295a4"><title>Ease Back</title><length>197000</length><artist-credit><name-credit><artist id="851827d6-ae31-4093-a166-1420cac610a4"><name>The Meters</name><sort-name>Meters, The</sort-name></artist></name-credit></artist-credit></recording></track><track id="19610067-01ac-3d54-9fb4-7b7ff36537d7"><position>8</position><number>8</number><length>146093</length><recording id="488d99ce-cac6-4011-ac33-44e02f0efcfc"><title>6V6 LA</title><length>146093</length><artist-credit><name-credit><artist id="851827d6-ae31-4093-a166-1420cac610a4"><name>The Meters</name><sort-name>Meters, The</sort-name></artist></name-credit></artist-credit></recording></track><track id="1a942493-3df9-3c22-83a6-3ec8f9363e26"><position>9</position><number>9</number><title>Sehorn's Farm</title><length>151306</length><recording id="384c8767-22c3-4302-b407-5680a43ebef4"><title>Sehorns Farm</title><length>152000</length><artist-credit><name-credit><artist id="851827d6-ae31-4093-a166-1420cac610a4"><name>The Meters</name><sort-name>Meters, The</sort-name></artist></name-credit></artist-credit></recording></track><track id="122cd427-f9ec-3751-a231-29acefd9921a"><position>10</position><number>10</number><length>166093</length><recording id="f0f96ad8-69aa-4c6c-9325-bf00cc09e4dc"><title>Ann</title><length>166093</length><artist-credit><name-credit><artist id="851827d6-ae31-4093-a166-1420cac610a4"><name>The Meters</name><sort-name>Meters, The</sort-name></artist></name-credit></artist-credit></recording></track><track id="c316f421-b5e0-317a-8672-72d04bdce9aa"><position>11</position><number>11</number><length>220533</length><recording id="070315a9-5ace-4c34-a8de-410417bed7f9"><title>Stormy</title><length>220000</length><artist-credit><name-credit><artist id="851827d6-ae31-4093-a166-1420cac610a4"><name>The Meters</name><sort-name>Meters, The</sort-name></artist></name-credit></artist-credit></recording></track><track id="4477ff09-4cff-3b24-b911-acc398b1828a"><position>12</position><number>12</number><length>186573</length><recording id="b030a603-9565-41e9-9d87-f69ffcc95688"><title>Sing a Simple Song</title><length>186573</length><artist-credit><name-credit><artist id="851827d6-ae31-4093-a166-1420cac610a4"><name>The Meters</name><sort-name>Meters, The</sort-name></artist></name-credit></artist-credit></recording></track><track id="2b4c1ff1-fc43-37bd-97e9-a5097090cde5"><position>13</position><number>13</number><length>219426</length><recording id="8c2a5ee6-f4d5-438f-8b59-54ff386ab5a5"><title>The Look of Love</title><length>219426</length><artist-credit><name-credit><artist id="851827d6-ae31-4093-a166-1420cac610a4"><name>The Meters</name><sort-name>Meters, The</sort-name></artist></name-credit></artist-credit></recording></track><track id="2b60b210-f21b-3810-831f-7414bc1e809d"><position>14</position><number>14</number><length>208066</length><recording id="588e6cdb-d515-4caf-84eb-a5bf5a89cae3"><title>Soul Machine</title><length>208066</length><artist-credit><name-credit><artist id="851827d6-ae31-4093-a166-1420cac610a4"><name>The Meters</name><sort-name>Meters, The</sort-name></artist></name-credit></artist-credit></recording></track></track-list></medium></medium-list></release></metadata>