<?xml version="1.0" encoding="UTF-8"?>
<metadata xmlns="http://musicbrainz.org/ns/mmd-2.0#"><release id="3e846fa1-4ba2-423b-a782-dfa6a3589170"><title>Rejuvenation</title><status>Official</status><quality>normal</quality><packaging>Jewel Case</packaging><text-representation><language>eng</language><script>Latn</script></text-representation><artist-credit><name-credit><artist id="851827d6-ae31-4093-a166-1420cac610a4"><name>The Meters</name><sort-name>Meters, The</sort-name></artist></name-credit></artist-credit><date>2000-04-25</date><country>US</country><release-event-list count="1"><release-event><date>2000-04-25</date><area id="489ce91b-6658-3307-9877-795b68554c98"><name>United States</name><sort-name>United States</sort-name><iso-3166-1-code-list><iso-3166-1-code>US</iso-3166-1-code></iso-3166-1-code-list></area></release-event></release-event-list><barcode>090771616920</barcode><asin>B00004T3XI</asin><cover-art-archive><artwork>true</artwork><count>5</count><front>true</front><back>true</back></cover-art-archive><label-info-list count="1"><label-info><catalog-number>SC 6169</catalog-number><label id="ae5752fa-3dcd-470c-9c2f-8dad4fdce6ab"><name>Sundazed Music</name><sort-name>Sundazed Music</sort-name></label></label-info></label-info-list><medium-list count="1"><medium><position>1</position><format>CD</format><disc-list count="2"><disc id="RYRpITTwHq.t3bCPlEz4500vYYY-"><sectors>225690</sectors></disc><disc id="_KaXx83l2r2e1Bw17s3yV0Tz2pU-"><sectors>229137</sectors></disc></disc-list><track-list count="11" offset="0"><track id="4d2be847-ddf9-3bd8-b2b8-01b18c62b6ef"><position>1</position><number>1</number><length>318800</length><recording id="933dc1a2-a4c2-494a-b9a3-aede9ecc9d1e"><title>People Say</title><length>316293</length><artist-credit><name-credit><artist id="851827d6-ae31-4093-a166-1420cac610a4"><name>The Meters</name><sort-name>Meters, The</sort-name></artist></name-credit></artist-credit></recording></track><track id="e4fc8af3-e45c-3add-a8fe-604b2450a7fe"><position>2</position><number>2</number><length>235493</length><recording id="13442950-0ee3-4c1d-943b-da62b3da69ab"><title>Love Is for Me</title><length>235493</length><artist-credit><name-credit><artist id="851827d6-ae31-4093-a166-1420cac610a4"><name>The Meters</name><sort-name>Meters, The</sort-name></artist></name-credit></artist-credit></recording></track><track id="0cc11130-224e-31d4-984e-c4d945780a55"><position>3</position><number>3</number><length>283573</length><recording id="69d993a4-3f81-4213-ba8b-0d29c535a8dc"><title>Just Kissed My Baby</title><length>283573</length><artist-credit><name-credit><artist id="851827d6-ae31-4093-a166-1420cac610a4"><name>The Meters</name><sort-name>Meters, The</sort-name></artist></name-credit></artist-credit></recording></track><track id="3c8a2815-c916-33c9-bc65-751d708c3788"><position>4</position><number>4</number><length>209426</length><recording id="89fe34a1-6c39-48d5-81ec-e2064073540c"><title>What'cha Say</title><length>209426</length><artist-credit><name-credit><artist id="851827d6-ae31-4093-a166-1420cac610a4"><name>The Meters</name><sort-name>Meters, The</sort-name></artist></name-credit></artist-credit></recording></track><track id="93cdc3b0-3016-3606-a23a-46e43782d617"><position>5</position><number>5</number><length>206933</length><recording id="0d9a0212-f3d4-4418-bff8-f212877114ed"><title>Jungle Man</title><length>206933</length><artist-credit><name-credit><artist id="851827d6-ae31-4093-a166-1420cac610a4"><name>The Meters</name><sort-name>Meters, The</sort-name></artist></name-credit></artist-credit></recording></track><track id="4a797a16-d95e-332b-b7ed-9369dfca1ba8"><position>6</position><number>6</number><length>246866</length><recording id="6be1c1c3-751b-4ced-9e64-1185b81bbe9d"><title>Hey Pocky A-Way</title><length>246866</length><artist-credit><name-credit><artist id="851827d6-ae31-4093-a166-1420cac610a4"><name>The Meters</name><sort-name>Meters, The</sort-name></artist></name-credit></artist-credit></recording></track><track id="ac8ea8ce-ac7c-3550-84c9-a1638d35b342"><position>7</position><number>7</number><length>711133</length><recording id="bcc43ae7-c47f-4e1e-a8d3-323c781e6639"><title>It Ain't No Use</title><length>711133</length><artist-credit><name-credit><artist id="851827d6-ae31-4093-a166-1420cac610a4"><name>The Meters</name><sort-name>Meters, The</sort-name></artist></name-credit></artist-credit></recording></track><track id="c9f813fe-a665-3225-9c86-197187a74f3d"><position>8</position><number>8</number><length>199840</length><recording id="eee9f88d-0985-475f-bb5f-bf9c082e0b42"><title>Loving You Is on My Mind</title><length>199840</length><artist-credit><name-credit><artist id="851827d6-ae31-4093-a166-1420cac610a4"><name>The Meters</name><sort-name>Meters, The</sort-name></artist></name-credit></artist-credit></recording></track><track id="16ee604b-b820-3b88-a2c3-705d76090c75"><position>9</position><number>9</number><length>241493</length><recording id="bfd56d95-f5d1-4883-9562-67fc64d836a2"><title>Africa</title><length>241493</length><artist-credit><name-credit><artist id="851827d6-ae31-4093-a166-1420cac610a4"><name>The Meters</name><sort-name>Meters, The</sort-name></artist></name-credit></artist-credit></recording></track><track id="056a4017-5014-3f3d-940d-5ff7863d54e8"><position>10</position><number>10</number><length>191973</length><recording id="9d307bc4-8be0-43f0-b714-85257fa0499b"><title>People Say (single version)</title><length>191973</length><artist-credit><name-credit><artist id="851827d6-ae31-4093-a166-1420cac610a4"><name>The Meters</name><sort-name>Meters, The</sort-name></artist></name-credit></artist-credit></recording></track><track id="dd3fc80b-cba1-34a8-b20a-cca3818b5734"><position>11</position><number>11</number><length>207467</length><recording id="e5e249ff-bca9-410c-b083-05fd70827241"><title>Hey Pocky A-Way (single version)</title><length>207467</length><artist-credit><name-credit><artist id="851827d6-ae31-4093-a166-1420cac610a4"><name>The Meters</name><sort-name>Meters, The</sort-name></artist></name-credit></artist-credit></recording></track></track-list></medium></medium-list></release></metadata>