<?xml version="1.0" encoding="UTF-8"?>
<metadata xmlns="http://musicbrainz.org/ns/mmd-2.0#"><release id="70b829c5-9957-48cc-ae0a-b71fec1c578c"><title>Essence ordinaire</title><status>Official</status><quality>normal</quality><text-representation><language>fra</language><script>Latn</script></text-representation><artist-credit><name-credit><artist id="8eebc0a9-653e-4b12-bfb6-471a95f8cf73"><name>Zebda</name><sort-name>Zebda</sort-name></artist></name-credit></artist-credit><date>1998</date><country>FR</country><release-event-list count="1"><release-event><date>1998</date><area id="08310658-51eb-3801-80de-5a0739207115"><name>France</name><sort-name>France</sort-name><iso-3166-1-code-list><iso-3166-1-code>FR</iso-3166-1-code></iso-3166-1-code-list></area></release-event></release-event-list><barcode>731455786927</barcode><asin>B00000GAU1</asin><cover-art-archive><artwork>true</artwork><count>1</count><front>true</front><back>false</back></cover-art-archive><label-info-list count="1"><label-info><catalog-number>557 869-2</catalog-number><label id="d059553b-0f1f-4e81-ada6-c7eb804b9465"><name>Barclay</name><sort-name>Barclay</sort-name><label-code>126</label-code></label></label-info></label-info-list><medium-list count="1"><medium><position>1</position><format>CD</format><disc-list count="7"><disc id="15mvGE_oWheMf05DtFhCi9STQQw-"><sectors>260690</sectors></disc><disc id="GgI56L7J1.hXHK.7gmsiozvwaXI-"><sectors>255164</sectors></disc><disc id="KlaL3GWk4XQycE5C4cnOTvpiqqA-"><sectors>256064</sectors></disc><disc id="azCCcTQv.3PBotstER.PpQX1AeE-"><sectors>256967</sectors></disc><disc id="gc_Sul0bCuw7ntXqa1wwx4TZhv0-"><sectors>258470</sectors></disc><disc id="jb28SiPJUtH3qglR3j_hkrs3y5Q-"><sectors>256990</sectors></disc><disc id="vIZlcLJbLTafpFiRSGbdkHsQU3M-"><sectors>258814</sectors></disc></disc-list><track-list count="13" offset="0"><track id="e2cf4614-bc84-3f66-a87a-c7e9b2f24e88"><position>1</position><number>1</number><length>271093</length><recording id="ff0d665c-f89b-4d87-8184-79812ec292f6"><title>Y'a pas d'arrangement</title><length>271093</length><artist-credit><name-credit><artist id="8eebc0a9-653e-4b12-bfb6-471a95f8cf73"><name>Zebda</name><sort-name>Zebda</sort-name></artist></name-credit></artist-credit></recording></track><track id="90966580-6393-39a5-8884-16626b4b8e06"><position>2</position><number>2</number><length>263800</length><recording id="af5b6b68-b954-495c-a271-a7752ac2219c"><title>Tomber la chemise</title><length>263800</length><artist-credit><name-credit><artist id="8eebc0a9-653e-4b12-bfb6-471a95f8cf73"><name>Zebda</name><sort-name>Zebda</sort-name></artist></name-credit></artist-credit></recording></track><track id="c0b09711-3895-3182-83c5-1ade760db6e1"><position>3</position><number>3</number><length>229773</length><recording id="d02ead54-992e-4631-84f5-a3add4b98b34"><title>Double peine</title><length>229773</length><artist-credit><name-credit><artist id="8eebc0a9-653e-4b12-bfb6-471a95f8cf73"><name>Zebda</name><sort-name>Zebda</sort-name></artist></name-credit></artist-credit></recording></track><track id="ac0ef7bc-21c8-3108-be55-c4cb6127ea94"><position>4</position><number>4</number><length>280866</length><recording id="96feb1c6-ea50-41c9-91c2-3a450f7c8a23"><title>Tombés des nues</title><length>280866</length><artist-credit><name-credit><artist id="8eebc0a9-653e-4b12-bfb6-471a95f8cf73"><name>Zebda</name><sort-name>Zebda</sort-name></artist></name-credit></artist-credit></recording></track><track id="7a34f605-bbc0-3726-84d1-24cc6a36b5c9"><position>5</position><number>5</number><length>290626</length><recording id="d324ff26-9b06-4c4b-b28a-b5ca7cbcddff"><title>Quinze ans</title><length>290626</length><artist-credit><name-credit><artist id="8eebc0a9-653e-4b12-bfb6-471a95f8cf73"><name>Zebda</name><sort-name>Zebda</sort-name></artist></name-credit></artist-credit></recording></track><track id="ac9e8190-2643-3e7d-93fd-f200e59c9f8b"><position>6</position><number>6</number><length>336773</length><recording id="341c9d1b-9015-4408-916d-23a1d756dd9b"><title>Je crois que ça va pas être possible</title><length>336773</length><artist-credit><name-credit><artist id="8eebc0a9-653e-4b12-bfb6-471a95f8cf73"><name>Zebda</name><sort-name>Zebda</sort-name></artist></name-credit></artist-credit></recording></track><track id="c7c25058-b0d4-34f3-9863-76fe739eda37"><position>7</position><number>7</number><length>283666</length><recording id="83f4d8c2-d7bc-4430-abde-234911bc2b84"><title>Je suis</title><length>283666</length><artist-credit><name-credit><artist id="8eebc0a9-653e-4b12-bfb6-471a95f8cf73"><name>Zebda</name><sort-name>Zebda</sort-name></artist></name-credit></artist-credit></recording></track><track id="5a31e0fc-6dd2-38d5-80d8-2fbb91e65dc3"><position>8</position><number>8</number><length>226693</length><recording id="0cfbbdd3-3d72-4dfc-8dc3-379caa66b62b"><title>Tout semble si…</title><length>226693</length><artist-credit><name-credit><artist id="8eebc0a9-653e-4b12-bfb6-471a95f8cf73"><name>Zebda</name><sort-name>Zebda</sort-name></artist></name-credit></artist-credit></recording></track><track id="40278dd5-c2f3-3f77-a00a-5ce0579e55a6"><position>9</position><number>9</number><length>183333</length><recording id="011e3d52-b003-443d-8997-4e48df08a983"><title>On est chez nous</title><length>183333</length><artist-credit><name-credit><artist id="8eebc0a9-653e-4b12-bfb6-471a95f8cf73"><name>Zebda</name><sort-name>Zebda</sort-name></artist></name-credit></artist-credit></recording></track><track id="0fd5c8aa-e5c8-3730-a883-6314585d9d97"><position>10</position><number>10</number><length>239266</length><recording id="b356c0ac-98b7-40e6-bd24-f7d33efefb2d"><title>Oualalaradime</title><length>239266</length><artist-credit><name-credit><artist id="8eebc0a9-653e-4b12-bfb6-471a95f8cf73"><name>Zebda</name><sort-name>Zebda</sort-name></artist></name-credit></artist-credit></recording></track><track id="6692f066-2a7a-33d0-8301-efe7e7077051"><position>11</position><number>11</number><length>243373</length><recording id="65202d14-1336-45ba-a0c9-27ecc408219e"><title>Le Manouche</title><length>243373</length><artist-credit><name-credit><artist id="8eebc0a9-653e-4b12-bfb6-471a95f8cf73"><name>Zebda</name><sort-name>Zebda</sort-name></artist></name-credit></artist-credit></recording></track><track id="0fc8cab8-0a51-3f4d-886f-e72bbddba83d"><position>12</position><number>12</number><length>183266</length><recording id="cb8761e2-00c0-4761-8ca2-0542cee80dc9"><title>Né dans la rue</title><length>183266</length><artist-credit><name-credit><artist id="8eebc0a9-653e-4b12-bfb6-471a95f8cf73"><name>Zebda</name><sort-name>Zebda</sort-name></artist></name-credit></artist-credit></recording></track><track id="0d0d224e-d933-3aa9-ba2c-765d97595bf7"><position>13</position><number>13</number><length>392000</length><recording id="0fc39e60-e31c-44a3-bda1-67e33801c98f"><title>Le Petit Robert</title><length>392000</length><artist-credit><name-credit><artist id="8eebc0a9-653e-4b12-bfb6-471a95f8cf73"><name>Zebda</name><sort-name>Zebda</sort-name></artist></name-credit></artist-credit></recording></track></track-list></medium></medium-list></release></metadata>